Ligand,Binding Affinity,rmsd/ub, rmsd/lb
4ey7_refine_CHEMBL542467,-6.0,0.0,0.0
4ey7_refine_CHEMBL542467,-5.9,5.646,2.171
4ey7_refine_CHEMBL542467,-5.8,5.259,2.019
4ey7_refine_CHEMBL542467,-5.8,6.273,2.019
4ey7_refine_CHEMBL542467,-5.7,4.577,2.387
4ey7_refine_CHEMBL542467,-5.7,4.913,2.227
4ey7_refine_CHEMBL542467,-5.6,6.027,2.01
4ey7_refine_CHEMBL542467,-5.6,4.91,2.299
4ey7_refine_CHEMBL542467,-5.6,5.556,2.563
4ey7_refine_CHEMBL2011499,-6.7,0.0,0.0
4ey7_refine_CHEMBL2011499,-6.6,3.052,1.252
4ey7_refine_CHEMBL2011499,-6.6,6.975,3.619
4ey7_refine_CHEMBL2011499,-6.4,6.782,2.885
4ey7_refine_CHEMBL2011499,-6.3,3.197,2.304
4ey7_refine_CHEMBL2011499,-6.1,26.913,24.808
4ey7_refine_CHEMBL2011499,-5.8,6.847,3.629
4ey7_refine_CHEMBL2011499,-5.8,7.628,5.204
4ey7_refine_CHEMBL2011499,-5.6,6.857,4.239
4ey7_refine_CHEMBL190528,-6.6,0.0,0.0
4ey7_refine_CHEMBL190528,-6.3,3.723,2.086
4ey7_refine_CHEMBL190528,-6.3,3.913,1.806
4ey7_refine_CHEMBL190528,-6.3,3.146,1.701
4ey7_refine_CHEMBL190528,-6.3,7.682,1.909
4ey7_refine_CHEMBL190528,-6.2,3.59,1.911
4ey7_refine_CHEMBL190528,-6.2,3.951,2.088
4ey7_refine_CHEMBL190528,-6.2,2.546,1.806
4ey7_refine_CHEMBL190528,-6.2,7.313,2.562
4ey7_refine_CHEMBL206093,-7.6,0.0,0.0
4ey7_refine_CHEMBL206093,-7.4,6.383,2.698
4ey7_refine_CHEMBL206093,-7.0,7.151,2.354
4ey7_refine_CHEMBL206093,-6.5,7.009,2.966
4ey7_refine_CHEMBL206093,-6.5,25.111,22.965
4ey7_refine_CHEMBL206093,-6.4,7.043,2.357
4ey7_refine_CHEMBL206093,-6.2,25.229,22.751
4ey7_refine_CHEMBL206093,-6.2,24.411,22.202
4ey7_refine_CHEMBL206093,-6.0,24.861,22.54
4ey7_refine_CHEMBL205940,-8.8,0.0,0.0
4ey7_refine_CHEMBL205940,-8.1,2.472,1.924
4ey7_refine_CHEMBL205940,-6.8,13.815,12.181
4ey7_refine_CHEMBL205940,-6.4,13.824,12.283
4ey7_refine_CHEMBL205940,-6.3,13.056,11.811
4ey7_refine_CHEMBL205940,-6.0,14.064,12.446
4ey7_refine_CHEMBL205940,-6.0,13.103,12.099
4ey7_refine_CHEMBL5396497,-6.4,0.0,0.0
4ey7_refine_CHEMBL5396497,-6.3,5.604,1.988
4ey7_refine_CHEMBL5396497,-6.1,5.409,1.86
4ey7_refine_CHEMBL5396497,-6.0,7.301,2.186
4ey7_refine_CHEMBL5396497,-5.8,5.451,1.939
4ey7_refine_CHEMBL5396497,-5.8,6.713,2.351
4ey7_refine_CHEMBL5396497,-5.8,6.314,2.105
4ey7_refine_CHEMBL5396497,-5.7,7.951,2.084
4ey7_refine_CHEMBL5396497,-5.7,5.216,2.357
4ey7_refine_CHEMBL609150,-7.7,0.0,0.0
4ey7_refine_CHEMBL609150,-7.5,2.237,1.288
4ey7_refine_CHEMBL609150,-6.5,14.282,12.219
4ey7_refine_CHEMBL609150,-6.3,14.012,12.306
4ey7_refine_CHEMBL609150,-6.3,14.817,13.044
4ey7_refine_CHEMBL609150,-6.0,15.398,13.305
4ey7_refine_CHEMBL609150,-6.0,13.703,12.162
4ey7_refine_CHEMBL609150,-5.9,30.002,27.035
4ey7_refine_CHEMBL609150,-5.8,14.424,12.008
4ey7_refine_CHEMBL207777,-7.5,0.0,0.0
4ey7_refine_CHEMBL207777,-7.4,6.269,2.75
4ey7_refine_CHEMBL207777,-7.0,7.151,2.638
4ey7_refine_CHEMBL207777,-7.0,6.637,2.519
4ey7_refine_CHEMBL207777,-6.7,6.743,2.401
4ey7_refine_CHEMBL207777,-6.7,1.741,0.954
4ey7_refine_CHEMBL207777,-6.4,7.4,2.834
4ey7_refine_CHEMBL207777,-6.0,25.384,23.169
4ey7_refine_CHEMBL207777,-6.0,7.655,3.21
4ey7_refine_CHEMBL4524111,-8.9,0.0,0.0
4ey7_refine_CHEMBL4524111,-8.1,1.97,1.601
4ey7_refine_CHEMBL4524111,-7.4,12.605,11.41
4ey7_refine_CHEMBL4524111,-6.9,13.267,11.794
4ey7_refine_CHEMBL4524111,-6.5,13.353,11.956
4ey7_refine_CHEMBL4524111,-6.4,12.788,11.436
4ey7_refine_CHEMBL4524111,-6.4,15.016,13.756
4ey7_refine_CHEMBL4524111,-6.4,13.806,11.889
4ey7_refine_CHEMBL4524111,-6.2,13.508,11.995
4ey7_refine_CHEMBL143812,-6.6,0.0,0.0
4ey7_refine_CHEMBL143812,-6.6,6.624,2.738
4ey7_refine_CHEMBL143812,-6.6,5.211,3.246
4ey7_refine_CHEMBL143812,-6.4,6.979,3.868
4ey7_refine_CHEMBL143812,-6.3,3.444,1.516
4ey7_refine_CHEMBL143812,-6.2,6.74,3.589
4ey7_refine_CHEMBL143812,-6.1,6.823,3.367
4ey7_refine_CHEMBL143812,-6.0,3.648,2.081
4ey7_refine_CHEMBL143812,-6.0,14.099,11.922
4ey7_refine_CHEMBL4874244,-6.1,0.0,0.0
4ey7_refine_CHEMBL4874244,-5.9,4.969,2.146
4ey7_refine_CHEMBL4874244,-5.9,3.738,2.181
4ey7_refine_CHEMBL4874244,-5.8,5.975,2.427
4ey7_refine_CHEMBL4874244,-5.8,5.389,2.394
4ey7_refine_CHEMBL4874244,-5.7,2.212,1.642
4ey7_refine_CHEMBL4874244,-5.6,5.176,2.966
4ey7_refine_CHEMBL4874244,-5.6,5.373,2.652
4ey7_refine_CHEMBL4874244,-5.5,4.85,2.445
4ey7_refine_CHEMBL365136,-6.2,0.0,0.0
4ey7_refine_CHEMBL365136,-6.1,2.25,1.031
4ey7_refine_CHEMBL365136,-5.8,3.679,1.703
4ey7_refine_CHEMBL365136,-5.4,4.55,2.306
4ey7_refine_CHEMBL365136,-5.4,7.805,2.558
4ey7_refine_CHEMBL365136,-5.4,3.734,2.239
4ey7_refine_CHEMBL365136,-5.3,9.115,3.193
4ey7_refine_CHEMBL365136,-5.3,7.463,2.456
4ey7_refine_CHEMBL365136,-5.2,8.922,3.208
4ey7_refine_CHEMBL5276338,-6.5,0.0,0.0
4ey7_refine_CHEMBL5276338,-6.4,5.505,3.207
4ey7_refine_CHEMBL5276338,-6.3,7.628,3.615
4ey7_refine_CHEMBL5276338,-6.3,8.07,3.992
4ey7_refine_CHEMBL5276338,-5.9,5.867,3.217
4ey7_refine_CHEMBL5276338,-5.9,6.521,3.36
4ey7_refine_CHEMBL5276338,-5.7,6.375,3.419
4ey7_refine_CHEMBL5276338,-5.7,8.752,4.214
4ey7_refine_CHEMBL5276338,-5.6,4.038,2.802
4ey7_refine_CHEMBL1677,-8.7,0.0,0.0
4ey7_refine_CHEMBL1677,-8.6,2.173,1.508
4ey7_refine_CHEMBL1677,-8.5,2.576,0.74
4ey7_refine_CHEMBL1677,-8.2,4.54,1.578
4ey7_refine_CHEMBL1677,-8.1,5.329,1.009
4ey7_refine_CHEMBL1677,-8.0,3.469,1.933
4ey7_refine_CHEMBL1677,-7.9,2.385,1.911
4ey7_refine_CHEMBL1677,-7.9,3.291,2.146
4ey7_refine_CHEMBL1677,-7.9,5.259,2.35
4ey7_refine_CHEMBL1678,-6.2,0.0,0.0
4ey7_refine_CHEMBL1678,-6.2,5.83,2.865
4ey7_refine_CHEMBL1678,-6.2,4.019,2.996
4ey7_refine_CHEMBL1678,-6.0,1.665,1.304
4ey7_refine_CHEMBL1678,-5.9,4.864,2.99
4ey7_refine_CHEMBL1678,-5.7,5.222,2.845
4ey7_refine_CHEMBL1678,-5.6,5.376,3.163
4ey7_refine_CHEMBL1678,-5.5,6.724,3.639
4ey7_refine_CHEMBL1678,-5.3,6.726,3.378
4ey7_refine_CHEMBL1083374,-6.8,0.0,0.0
4ey7_refine_CHEMBL1083374,-6.6,7.151,2.143
4ey7_refine_CHEMBL1083374,-6.6,2.053,1.166
4ey7_refine_CHEMBL1083374,-6.6,3.74,2.293
4ey7_refine_CHEMBL1083374,-6.5,4.539,2.516
4ey7_refine_CHEMBL1083374,-6.5,7.425,2.91
4ey7_refine_CHEMBL1083374,-6.4,4.732,2.996
4ey7_refine_CHEMBL1083374,-6.3,2.039,1.542
4ey7_refine_CHEMBL1083374,-6.3,7.417,2.262
4ey7_refine_CHEMBL3216221,-6.6,0.0,0.0
4ey7_refine_CHEMBL3216221,-6.6,6.023,2.904
4ey7_refine_CHEMBL3216221,-6.5,8.035,2.316
4ey7_refine_CHEMBL3216221,-6.3,8.634,2.479
4ey7_refine_CHEMBL3216221,-6.3,4.275,2.036
4ey7_refine_CHEMBL3216221,-6.3,6.088,2.54
4ey7_refine_CHEMBL3216221,-6.3,8.111,2.701
4ey7_refine_CHEMBL3216221,-6.2,7.795,2.781
4ey7_refine_CHEMBL3216221,-6.1,6.44,2.851
4ey7_refine_CHEMBL4555818,-6.5,0.0,0.0
4ey7_refine_CHEMBL4555818,-6.4,3.444,1.919
4ey7_refine_CHEMBL4555818,-6.1,5.471,2.305
4ey7_refine_CHEMBL4555818,-6.0,3.2,1.997
4ey7_refine_CHEMBL4555818,-6.0,5.152,2.303
4ey7_refine_CHEMBL4555818,-5.9,6.964,3.2
4ey7_refine_CHEMBL4555818,-5.8,3.657,2.115
4ey7_refine_CHEMBL4555818,-5.7,5.747,2.36
4ey7_refine_CHEMBL4555818,-5.7,6.328,2.875
4ey7_refine_CHEMBL5276617,-6.3,0.0,0.0
4ey7_refine_CHEMBL5276617,-6.3,6.698,2.57
4ey7_refine_CHEMBL5276617,-6.2,7.175,3.251
4ey7_refine_CHEMBL5276617,-6.1,5.72,2.744
4ey7_refine_CHEMBL5276617,-6.0,6.529,2.31
4ey7_refine_CHEMBL5276617,-6.0,6.422,2.73
4ey7_refine_CHEMBL5276617,-5.9,5.666,2.535
4ey7_refine_CHEMBL5276617,-5.8,6.466,3.099
4ey7_refine_CHEMBL5276617,-5.7,5.943,2.616
4ey7_refine_CHEMBL2019049,-6.3,0.0,0.0
4ey7_refine_CHEMBL2019049,-6.3,3.622,2.243
4ey7_refine_CHEMBL2019049,-6.3,6.149,2.96
4ey7_refine_CHEMBL2019049,-6.2,7.054,3.098
4ey7_refine_CHEMBL2019049,-6.2,6.757,2.516
4ey7_refine_CHEMBL2019049,-6.2,6.876,3.289
4ey7_refine_CHEMBL2019049,-6.1,6.796,2.898
4ey7_refine_CHEMBL2019049,-6.1,4.854,2.2
4ey7_refine_CHEMBL2019049,-6.1,3.242,1.623
